{"cameraMode":{"drawMode":0,"name":"Shaded","section":"Shading Mode"},"sceneLighting":true,"audioPlay":false,"sceneViewState":{"showFog":true,"showMaterialUpdate":true,"showSkybox":true,"showFlares":true,"showImageEffects":true,"showParticleSystems":true},"in2DMode":false,"pivot":{"x":2.4561448097229006,"y":5.028450965881348,"z":-6.000001907348633},"rotation":{"x":-0.07524245232343674,"y":-0.0039009791798889639,"z":0.0002111986541422084,"w":-0.9972028136253357},"size":23.011323928833009,"orthographic":true}